redshift,log10_H2D
0.0,7.2370863
0.1,7.308107
0.4,7.461645
1.0,7.647589
2.0,7.632885
3.0,7.4186454
4.0,7.1891522
5.0,6.882274
