redshift,log10_H2D
0.0,7.356002
0.1,7.414327
0.4,7.5437956
1.0,7.6629877
2.0,7.5327654
3.0,7.2084913
4.0,6.917122
5.0,6.5944996
